                  epoch,         train/box_loss,         train/cls_loss,         train/dfl_loss,   metrics/precision(B),      metrics/recall(B),       metrics/mAP50(B),    metrics/mAP50-95(B),           val/box_loss,           val/cls_loss,           val/dfl_loss,                 lr/pg0,                 lr/pg1,                 lr/pg2
                      1,                 2.5528,                 5.0239,                  1.965,                      0,                      0,                      0,                      0,                 2.5327,                 4.9913,                 2.1108,              8.757e-05,              8.757e-05,              8.757e-05
                      2,                  2.404,                 4.8759,                 1.8087,                      0,                      0,                      0,                      0,                 2.4027,                 4.8052,                 1.8185,             0.00017576,             0.00017576,             0.00017576
                      3,                 2.2935,                 4.5968,                 1.6947,                0.02007,                0.13651,                0.03408,                0.01478,                 2.3601,                 4.5492,                 1.6226,             0.00026032,             0.00026032,             0.00026032
