                  epoch,         train/box_loss,         train/cls_loss,         train/dfl_loss,   metrics/precision(B),      metrics/recall(B),       metrics/mAP50(B),    metrics/mAP50-95(B),           val/box_loss,           val/cls_loss,           val/dfl_loss,                 lr/pg0,                 lr/pg1,                 lr/pg2
                      1,                 2.5528,                 5.0239,                  1.965,                      0,                      0,                      0,                      0,                 2.5327,                 4.9913,                 2.1108,              8.757e-05,              8.757e-05,              8.757e-05
                      2,                 2.4136,                 4.8879,                 1.8122,                      0,                      0,                      0,                      0,                 2.3989,                 4.8178,                 1.8283,             0.00014381,             0.00014381,             0.00014381
                      3,                 2.2995,                 4.6842,                 1.7161,                0.01317,                0.08728,                 0.0514,                0.00897,                  2.324,                 4.6514,                 1.6674,             0.00016371,             0.00016371,             0.00016371
                      4,                 2.2201,                  4.454,                  1.641,                0.02097,                0.20194,                0.05579,                0.01723,                 2.3561,                 4.4975,                 1.6424,             0.00014729,             0.00014729,             0.00014729
                      5,                  2.335,                 4.3712,                 1.6068,                0.01292,                0.40904,                0.04248,                0.01393,                 2.3432,                 4.2956,                  1.626,             8.6736e-05,             8.6736e-05,             8.6736e-05
